{
    "metadata":{
        "generator":"io_three",
        "version":3,
        "faces":22,
        "uvs":0,
        "materials":1,
        "vertices":24,
        "type":"Geometry",
        "normals":22
    },
    "faces":[35,2,0,1,3,0,0,0,0,0,35,16,7,6,18,0,1,1,1,1,35,7,5,4,6,0,2,2,2,2,35,0,11,10,1,0,3,3,3,3,35,17,18,6,4,0,4,4,4,4,35,10,8,3,1,0,5,5,5,5,35,21,22,8,10,0,6,6,6,6,35,0,2,9,11,0,7,7,7,7,35,21,10,11,23,0,8,8,8,8,35,3,8,9,2,0,9,9,9,9,35,19,15,13,17,0,10,10,10,10,35,19,16,12,15,0,11,11,11,11,35,23,20,14,13,0,12,12,12,12,35,22,12,14,20,0,13,13,13,13,35,5,7,16,19,0,14,14,14,14,35,5,19,17,4,0,15,15,15,15,35,13,14,18,17,0,16,16,16,16,35,12,16,18,14,0,17,17,17,17,35,8,22,20,9,0,18,18,18,18,35,11,9,20,23,0,19,19,19,19,35,15,21,23,13,0,20,20,20,20,35,15,12,22,21,0,21,21,21,21],
    "name":"LegGeometry.3",
    "vertices":[0.499808,0.487256,0.14174,0.499808,0.487256,-0.147702,-0.500192,0.487256,0.14174,-0.500192,0.487256,-0.147702,0.141037,-6.73179,0.14174,0.141037,-6.73179,-0.147701,-0.14142,-6.73179,0.14174,-0.14142,-6.73179,-0.147701,-0.500192,-3.12182,-0.147701,-0.500192,-3.12182,0.14174,0.499808,-3.12182,-0.147701,0.499808,-3.12182,0.14174,-0.162105,-4.9268,-0.147701,0.414946,-4.9268,0.14174,-0.162105,-4.9268,0.14174,0.414946,-4.9268,-0.147701,-0.089067,-5.9114,-0.147701,0.265532,-5.9114,0.14174,-0.089067,-5.9114,0.14174,0.265532,-5.9114,-0.147701,-0.310401,-4.05186,0.14174,0.456082,-4.05186,-0.147701,-0.310401,-4.05186,-0.147701,0.456082,-4.05186,0.14174],
    "uvs":[],
    "materials":[{
        "colorSpecular":[0.5,0.5,0.5],
        "colorDiffuse":[0.016303,0.016303,0.016303],
        "depthTest":true,
        "specularCoef":50,
        "blending":"NormalBlending",
        "visible":true,
        "DbgName":"Black Plastic",
        "DbgIndex":0,
        "opacity":1,
        "wireframe":false,
        "transparent":false,
        "DbgColor":15658734,
        "shading":"phong",
        "depthWrite":true,
        "colorEmissive":[0,0,0]
    }],
    "normals":[-0,0,-1,-0.99797,-0,-0.063686,0,-0,1,1,0,-0,-0,1,-0,0,-1,0,0,-1,0,-0,1,-0,0.998897,0,0.046963,-1,0,0,0.988681,-0,0.150034,0,-1,0,-0,1,-0,-0.985938,0,0.167109,0,-1,0,0.988681,0,0.150034,-0,1,-0,-0.99726,-0,0.073977,-0.979807,0,0.199946,-0,1,-0,0.998897,-0,0.046963,0,-1,0]
}